{"data":[{"id":1682952453886,"name":"网站导航","groupList":[{"id":1717300150099,"name":"博客","siteList":[{"id":1717300624122,"name":"批哩批哩","url":"https://www.bilibili.com/","favicon":"","bgColor":"#070700"},{"id":1717300837902,"name":"低端影视","url":"https://ddys.pro/","favicon":"","bgColor":"#19591c"},{"id":1717300240969,"name":"蓝点网","url":"https://www.landiannews.com/","favicon":"","bgColor":"#148db9"},{"id":1717300168619,"name":"果核剥壳","url":"https://www.ghxi.com/","favicon":"","bgColor":"#005bb8"}]},{"id":1732426263158,"name":"冲浪","siteList":[{"id":1717300370735,"name":"F&F","url":"https://faf.fan/user","favicon":"","bgColor":"#023e2d"},{"id":1732426178756,"name":"蛋挞云","url":"https://eggtart.cloud","favicon":"","bgColor":"#6e2d1e"},{"id":1732426205852,"name":"Swift","url":"https://swift.sunsetglow.love/","favicon":"","bgColor":"#33afad"}]},{"id":1717300300150,"name":"假的","siteList":[{"id":1717300313288,"name":"Google","url":"https://www.google.com/ncr","favicon":"","bgColor":"#267503"},{"id":1717300324643,"name":"YouTube","url":"https://www.youtube.com/","favicon":"","bgColor":"#39116f"},{"id":1717301101850,"name":"GitHub","url":"https://www.github.com","favicon":"","bgColor":"#248a8b"},{"id":1717300355799,"name":"Skinny","url":"https://www.skinny.co.nz/dashboard/sub","favicon":"","bgColor":"#123b76"}]},{"id":1717769768304,"name":"AI","siteList":[{"id":1717300338174,"name":"ChatGPT","url":"https://chat.openai.com/chat","favicon":"","bgColor":"#146037"},{"id":1717300573545,"name":"通义千问","url":"https://tongyi.aliyun.com/qianwen/","favicon":"","bgColor":"#660d53"},{"id":1738310751427,"name":"DeepSeek","url":"https://chat.deepseek.com/","favicon":"","bgColor":"#12314d"}]},{"id":1717300847996,"name":"工具","siteList":[{"id":1717300858601,"name":"百度翻译","url":"https://fanyi.baidu.com","favicon":"","bgColor":"#c06b0e"},{"id":1717300869575,"name":"Google翻译","url":"https://translate.google.com/","favicon":"","bgColor":"#6e0b12"},{"id":1717300887415,"name":"Aconvert","url":"https://www.aconvert.com/cn/","favicon":"","bgColor":"#0a0f61"},{"id":1717300899561,"name":"接码","url":"https://sms-man.com/cn","favicon":"","bgColor":"#68130d"}]},{"id":1717300529869,"name":"云盘","siteList":[{"id":1717301139784,"name":"阿里云盘","url":"https://www.aliyundrive.com/drive","favicon":"","bgColor":"#017e2d"},{"id":1717769683738,"name":"OneDrive","url":"https://onedrive.live.com/","favicon":"https://onedrive.live.com/_layouts/15/images/odbfavicon.ico?rev=47","bgColor":"#062934"},{"id":1717301200066,"name":"华为云","url":"https://console.huaweicloud.com/smb/?agencyId=6c3583f5a6114e74bd2b7b9b01193193&region=cn-east-3&locale=zh-cn#/resource/plan/66798f2720d4205e35618b63/overview","favicon":"","bgColor":"#251727"},{"id":1739687283386,"name":"坚果云","url":"https://www.jianguoyun.com/#/","favicon":"","bgColor":""}]},{"id":1717769719904,"name":"邮箱","siteList":[{"id":1717300915523,"name":"QQ邮箱","url":"https://mail.qq.com/","favicon":"","bgColor":"#651439"},{"id":1717300928795,"name":"Gmail","url":"https://mail.google.com/","favicon":"","bgColor":"#90677a"},{"id":1717769708882,"name":"Outlook","url":"https://outlook.live.com/","favicon":"","bgColor":"#443a0f"}]}]}],"settings":{"theme":"EarlySpring","search":"Google","iconStyle":"Vivid","siteStyle":"auto"}}